;X;constituency_num;constituency_name;state_num;state_name;union;spd;leftist;greens;fdp;afd;others;all_votes
1;1;1;Flensburg – Schleswig;1;Schleswig-Holstein;58320;40388;14002;22304;18955;11653;4843;170465
2;2;2;Nordfriesland – Dithmarschen Nord;1;Schleswig-Holstein;52928;31120;8589;15144;18050;9030;3210;138071
3;3;3;Steinburg – Dithmarschen Sued;1;Schleswig-Holstein;47366;29756;8732;12960;17298;11180;3586;130878
4;4;4;Rendsburg-Eckernfoerde;1;Schleswig-Holstein;56585;35766;9962;19337;19071;11578;3968;156267
5;5;5;Kiel;1;Schleswig-Holstein;40736;36208;15546;26143;17804;10504;5128;152069
6;6;6;Ploen – Neumuenster;1;Schleswig-Holstein;43778;31013;8503;16350;16481;11161;3228;130514
7;7;7;Pinneberg;1;Schleswig-Holstein;63863;42729;13111;21336;24735;15977;4621;186372
8;8;8;Segeberg – Stormarn-Mitte;1;Schleswig-Holstein;66367;43027;13237;21010;26043;17166;5095;191945
9;9;9;Ostholstein – Stormarn-Nord;1;Schleswig-Holstein;48898;33764;8303;13493;18147;11782;2908;137295
10;10;10;Herzogtum Lauenburg – Stormarn-Sued;1;Schleswig-Holstein;66031;42815;12480;20826;26163;18792;4864;191971
11;11;11;Luebeck;1;Schleswig-Holstein;38263;32919;12213;16568;14097;11539;4195;129794
12;12;12;Schwerin – Ludwigslust-Parchim I – Nordwestmecklenburg I;13;Mecklenburg-Vorpommern;51083;28947;25929;6606;9879;25692;7275;155411
13;13;13;Ludwigslust-Parchim II – Nordwestmecklenburg II – Landkreis Rostock I;13;Mecklenburg-Vorpommern;48841;25029;24409;5521;9008;25688;6615;145111
14;14;14;Rostock – Landkreis Rostock II;13;Mecklenburg-Vorpommern;49433;25650;33575;10229;10661;25171;7603;162322
15;15;15;Vorpommern-Ruegen – Vorpommern-Greifswald I;13;Mecklenburg-Vorpommern;55110;20405;30107;8498;11490;32881;8921;167412
16;16;16;Mecklenburgische Seenplatte I – Vorpommern-Greifswald II;13;Mecklenburg-Vorpommern;51789;19064;27246;4068;8659;35595;8392;154813
17;17;17;Mecklenburgische Seenplatte II – Landkreis Rostock III;13;Mecklenburg-Vorpommern;51007;20594;24102;4592;8198;27382;6566;142441
18;18;18;Hamburg-Mitte;2;Hamburg;40909;41551;26109;25164;16255;13940;10365;174293
19;19;19;Hamburg-Altona;2;Hamburg;36139;29680;22766;26036;16306;8028;6271;145226
20;20;20;Hamburg-Eimsbuettel;2;Hamburg;41826;34575;19290;26372;17463;9138;6539;155203
21;21;21;Hamburg-Nord;2;Hamburg;55737;38150;16720;25584;24652;10963;6068;177874
22;22;22;Hamburg-Wandsbek;2;Hamburg;49482;45542;16847;17773;17621;16732;7304;171301
23;23;23;Hamburg-Bergedorf – Harburg;2;Hamburg;42219;40364;17344;15442;13313;17710;7829;154221
24;24;24;Aurich – Emden;3;Niedersachsen;39552;53353;10142;10503;10079;12877;4565;141071
25;25;25;Unterems;3;Niedersachsen;74173;48194;9459;10258;13629;14620;4619;174952
26;26;26;Friesland – Wilhelmshaven – Wittmund;3;Niedersachsen;45098;42207;9738;9984;12958;12490;5121;137596
27;27;27;Oldenburg – Ammerland;3;Niedersachsen;53417;45514;16351;21821;18136;12625;6817;174681
28;28;28;Delmenhorst – Wesermarsch – Oldenburg-Land;3;Niedersachsen;56526;47622;11567;13525;17076;16392;6111;168819
29;29;29;Cuxhaven – Stade II;3;Niedersachsen;54163;38923;9121;9709;11483;12650;4670;140719
30;30;30;Stade I – Rotenburg II;3;Niedersachsen;59229;37361;9564;12511;14538;13513;5479;152195
31;31;31;Mittelems;3;Niedersachsen;88310;41983;8167;10803;16181;9701;3707;178852
32;32;32;Cloppenburg – Vechta;3;Niedersachsen;86301;28870;7145;8207;15298;13145;3550;162516
33;33;33;Diepholz – Nienburg I;3;Niedersachsen;55833;37505;8951;11992;15515;12434;5048;147278
34;34;34;Osterholz – Verden;3;Niedersachsen;53035;40047;11055;14052;13464;14675;5470;151798
35;35;35;Rotenburg I – Heidekreis;3;Niedersachsen;47558;34211;7422;10068;10699;11671;4475;126104
36;36;36;Harburg;3;Niedersachsen;57815;35377;10117;16410;18839;16047;6250;160855
37;37;37;Luechow-Dannenberg – Lueneburg;3;Niedersachsen;43861;32865;12705;18906;12959;12498;6345;140139
38;38;38;Osnabrueck-Land;3;Niedersachsen;60737;38529;9156;12346;14603;10940;3884;150195
39;39;39;Stadt Osnabrueck;3;Niedersachsen;53977;37336;12759;18353;14309;9499;4936;151169
40;40;40;Nienburg II – Schaumburg;3;Niedersachsen;49896;43307;8289;11831;12430;14945;4956;145654
41;41;41;Stadt Hannover I;3;Niedersachsen;36401;36645;12470;16292;13658;12226;6157;133849
42;42;42;Stadt Hannover II;3;Niedersachsen;36203;37964;17823;22079;14735;11241;8046;148091
43;43;43;Hannover-Land I;3;Niedersachsen;62828;48783;10890;14335;18869;18366;6305;180376
44;44;44;Celle – Uelzen;3;Niedersachsen;58858;40899;9297;12478;16334;17554;5586;161006
45;45;45;Gifhorn – Peine;3;Niedersachsen;56567;50445;10166;12094;14004;18289;6008;167573
46;46;46;Hameln-Pyrmont – Holzminden;3;Niedersachsen;44424;44190;9130;9995;12531;14054;4349;138673
47;47;47;Hannover-Land II;3;Niedersachsen;58984;55161;12305;16290;17925;19392;6959;187016
48;48;48;Hildesheim;3;Niedersachsen;54871;52077;10932;14806;13876;15695;6040;168297
49;49;49;Salzgitter – Wolfenbuettel;3;Niedersachsen;45985;50482;11266;10213;12450;19115;6208;155719
50;50;50;Braunschweig;3;Niedersachsen;42534;38695;13673;17295;14684;12268;7508;146657
51;51;51;Helmstedt – Wolfsburg;3;Niedersachsen;47037;40740;9050;8064;10988;14862;5271;136012
52;52;52;Goslar – Northeim – Osterode;3;Niedersachsen;48131;48016;9521;9929;13734;15132;5327;149790
53;53;53;Goettingen;3;Niedersachsen;51177;47871;14748;19676;15421;13446;6985;169324
54;54;54;Bremen I;4;Bremen;48458;45729;26425;23568;19138;15539;7519;186376
55;55;55;Bremen II – Bremerhaven;4;Bremen;34951;43215;18204;13165;11918;17705;6789;145947
56;56;56;Prignitz – Ostprignitz-Ruppin – Havelland I;12;Brandenburg;35215;24884;19447;4231;6555;22183;5893;118408
57;57;57;Uckermark – Barnim I;12;Brandenburg;36160;21650;23870;5187;7021;26605;7520;128013
58;58;58;Oberhavel – Havelland II;12;Brandenburg;51968;33856;26091;11684;13912;33987;11112;182610
59;59;59;Maerkisch-Oderland – Barnim II;12;Brandenburg;42113;25908;34632;7800;11007;34701;11535;167696
60;60;60;Brandenburg an der Havel – Potsdam-Mittelmark I – Havelland III – Teltow-Flaeming I;12;Brandenburg;35556;26055;20925;5238;8194;22633;7544;126145
61;61;61;Potsdam – Potsdam-Mittelmark II – Teltow-Flaeming II;12;Brandenburg;48015;35773;35106;19079;17768;26133;11995;193869
62;62;62;Dahme-Spreewald – Teltow-Flaeming III – Oberspreewald-Lausitz I;12;Brandenburg;49982;32565;29217;8617;13718;38915;11896;184910
63;63;63;Frankfurt (Oder) – Oder-Spree;12;Brandenburg;33888;22702;26202;5896;9241;30477;9592;137998
64;64;64;Cottbus – Spree-Neisse;12;Brandenburg;31366;19729;21456;4093;9941;34905;8538;130028
65;65;65;Elbe-Elster – Oberspreewald-Lausitz II;12;Brandenburg;33576;18700;18775;3146;8128;30564;8265;121154
66;66;66;Altmark;15;Sachsen-Anhalt;36022;18721;20346;3648;7838;18419;4869;109863
67;67;67;Boerde – Jerichower Land;15;Sachsen-Anhalt;47566;24053;24555;4236;11413;27905;8360;148088
68;68;68;Harz;15;Sachsen-Anhalt;47574;22915;25069;4968;9902;23860;7243;141531
69;69;69;Magdeburg;15;Sachsen-Anhalt;44616;27513;30056;8564;12713;26051;11264;160777
70;70;70;Dessau – Wittenberg;15;Sachsen-Anhalt;38751;17360;21102;4299;8940;24327;6965;121744
71;71;71;Anhalt;15;Sachsen-Anhalt;44620;20289;25887;3455;10848;32349;8091;145539
72;72;72;Halle;15;Sachsen-Anhalt;39833;21196;28892;10457;13533;26727;9656;150294
73;73;73;Burgenland – Saalekreis;15;Sachsen-Anhalt;38678;17098;21042;3366;10132;31781;7115;129212
74;74;74;Mansfeld;15;Sachsen-Anhalt;39751;19835;23909;3250;11236;32982;6969;137932
75;75;75;Berlin-Mitte;11;Berlin;27861;26788;32118;25708;12972;12289;11707;149443
76;76;76;Berlin-Pankow;11;Berlin;36994;29185;43774;26651;12321;23315;14412;186652
77;77;77;Berlin-Reinickendorf;11;Berlin;41912;27071;11516;12305;15376;18513;8412;135105
78;78;78;Berlin-Spandau – Charlottenburg Nord;11;Berlin;36712;29733;12780;11063;12927;18481;9051;130747
79;79;79;Berlin-Steglitz-Zehlendorf;11;Berlin;53281;34279;16352;25361;25461;15824;8399;178957
80;80;80;Berlin-Charlottenburg-Wilmersdorf;11;Berlin;40085;30351;18367;24770;23280;12374;7420;156647
81;81;81;Berlin-Tempelhof-Schoeneberg;11;Berlin;44721;36179;23625;27956;18569;17108;10923;179081
82;82;82;Berlin-Neukoelln;11;Berlin;31592;27520;25752;18446;10891;15904;11308;141413
83;83;83;Berlin-Friedrichshain-Kreuzberg – Prenzlauer Berg Ost;11;Berlin;23887;27391;49016;35077;10147;10863;15363;171744
84;84;84;Berlin-Treptow-Koepenick;11;Berlin;31372;24109;39000;12168;10067;26278;12194;155188
85;85;85;Berlin-Marzahn-Hellersdorf;11;Berlin;28620;19797;35698;5621;7290;29618;10295;136939
86;86;86;Berlin-Lichtenberg;11;Berlin;27284;21850;43172;9821;7745;24603;12651;147126
87;87;87;Aachen I;5;Nordrhein-Westfalen;38827;34663;14459;17918;19795;8271;5868;139801
88;88;88;Aachen II;5;Nordrhein-Westfalen;52656;60539;10105;8436;19213;14853;5805;171607
89;89;89;Heinsberg;5;Nordrhein-Westfalen;55605;36421;7909;7281;16111;12313;5250;140890
90;90;90;Dueren;5;Nordrhein-Westfalen;52412;43816;8809;8198;17155;14432;5312;150134
91;91;91;Rhein-Erft-Kreis I;5;Nordrhein-Westfalen;63664;50014;11392;12526;27398;18091;6783;189868
92;92;92;Euskirchen – Rhein-Erft-Kreis II;5;Nordrhein-Westfalen;66503;43498;11403;12447;27410;18325;6610;186196
93;93;93;Koeln I;5;Nordrhein-Westfalen;36565;33666;15271;15800;18067;12290;6972;138631
94;94;94;Koeln II;5;Nordrhein-Westfalen;56165;38485;21100;30630;33760;9964;6974;197078
95;95;95;Koeln III;5;Nordrhein-Westfalen;36500;36849;19118;20973;16850;11731;7504;149525
96;96;96;Bonn;5;Nordrhein-Westfalen;53334;36119;17133;25197;28113;13136;6176;179208
97;97;97;Rhein-Sieg-Kreis I;5;Nordrhein-Westfalen;62334;40922;13038;13757;27267;18237;7202;182757
98;98;98;Rhein-Sieg-Kreis II;5;Nordrhein-Westfalen;61425;34583;11116;15192;30142;15226;5479;173163
99;99;99;Oberbergischer Kreis;5;Nordrhein-Westfalen;56567;35078;9887;9995;21353;16413;5741;155034
100;100;100;Rheinisch-Bergischer Kreis;5;Nordrhein-Westfalen;61423;36221;11042;15581;28787;13777;5698;172529
101;101;101;Leverkusen – Koeln IV;5;Nordrhein-Westfalen;43175;41671;14284;13472;18719;14970;7420;153711
102;102;102;Wuppertal I;5;Nordrhein-Westfalen;39341;38696;16100;12754;18437;16431;6808;148567
103;103;103;Solingen – Remscheid – Wuppertal II;5;Nordrhein-Westfalen;51318;40743;12689;11726;22947;16221;6825;162469
104;104;104;Mettmann I;5;Nordrhein-Westfalen;54126;36596;10216;11796;25757;15053;5621;159165
105;105;105;Mettmann II;5;Nordrhein-Westfalen;40601;30492;8458;8599;19691;11926;4673;124440
106;106;106;Duesseldorf I;5;Nordrhein-Westfalen;55052;33493;14675;17148;33940;12029;5573;171910
107;107;107;Duesseldorf II;5;Nordrhein-Westfalen;40606;33218;14111;14379;21277;12968;5987;142546
108;108;108;Neuss I;5;Nordrhein-Westfalen;56983;37438;9895;9583;23585;14887;6404;158775
109;109;109;Moenchengladbach;5;Nordrhein-Westfalen;46786;30547;9627;8169;17946;12373;5388;130836
110;110;110;Krefeld I – Neuss II;5;Nordrhein-Westfalen;54907;34051;9805;10871;26859;12104;5593;154190
111;111;111;Viersen;5;Nordrhein-Westfalen;65475;38368;10342;11591;27576;12841;5825;172018
112;112;112;Kleve;5;Nordrhein-Westfalen;69700;39316;9366;10098;22687;11621;4870;167658
113;113;113;Wesel I;5;Nordrhein-Westfalen;53623;45627;10637;9743;19709;14325;5434;159098
114;114;114;Krefeld II – Wesel II;5;Nordrhein-Westfalen;40955;36714;10090;9307;18032;12186;5246;132530
115;115;115;Duisburg I;5;Nordrhein-Westfalen;30746;37925;10369;7844;12491;13549;6692;119616
116;116;116;Duisburg II;5;Nordrhein-Westfalen;22830;34695;8546;4493;8369;15794;7065;101792
117;117;117;Oberhausen – Wesel III;5;Nordrhein-Westfalen;39085;49165;12373;8228;14890;18560;6560;148861
118;118;118;Muelheim – Essen I;5;Nordrhein-Westfalen;39847;41731;10546;9465;18337;16200;5525;141651
119;119;119;Essen II;5;Nordrhein-Westfalen;25606;34727;9524;6746;10583;16339;5690;109215
120;120;120;Essen III;5;Nordrhein-Westfalen;45826;37699;12574;14312;23068;12735;6195;152409
121;121;121;Recklinghausen I;5;Nordrhein-Westfalen;35108;38822;8970;7132;12674;14777;5401;122884
122;122;122;Recklinghausen II;5;Nordrhein-Westfalen;41079;44224;9201;7189;14759;17387;5671;139510
123;123;123;Gelsenkirchen;5;Nordrhein-Westfalen;26452;39524;8703;5489;10834;20113;6951;118066
124;124;124;Steinfurt I – Borken I;5;Nordrhein-Westfalen;67425;35466;8433;9142;19339;9719;4054;153578
125;125;125;Bottrop – Recklinghausen III;5;Nordrhein-Westfalen;44967;47013;10292;7248;15741;18710;6543;150514
126;126;126;Borken II;5;Nordrhein-Westfalen;73881;33697;6540;9220;20609;9405;3704;157056
127;127;127;Coesfeld – Steinfurt II;5;Nordrhein-Westfalen;68636;32787;8394;11667;21116;9496;3730;155826
128;128;128;Steinfurt III;5;Nordrhein-Westfalen;57215;41815;9692;11026;17205;10342;4088;151383
129;129;129;Muenster;5;Nordrhein-Westfalen;62276;39714;19287;27739;25684;9393;6033;190126
130;130;130;Warendorf;5;Nordrhein-Westfalen;65357;38992;8997;10815;21175;12025;4783;162144
131;131;131;Guetersloh I;5;Nordrhein-Westfalen;67175;40104;10595;13817;22848;15081;5407;175027
132;132;132;Bielefeld – Guetersloh II;5;Nordrhein-Westfalen;50995;46883;20522;20567;21364;16514;7771;184616
133;133;133;Herford – Minden-Luebbecke II;5;Nordrhein-Westfalen;52994;47940;11589;11485;19186;18098;5755;167047
134;134;134;Minden-Luebbecke I;5;Nordrhein-Westfalen;49160;43966;9432;9625;16865;15829;4796;149673
135;135;135;Lippe I;5;Nordrhein-Westfalen;40214;35509;8399;8869;15916;14147;4483;127537
136;136;136;Hoexter – Lippe II;5;Nordrhein-Westfalen;58939;39038;10188;10194;19543;15197;5092;158191
137;137;137;Paderborn – Guetersloh III;5;Nordrhein-Westfalen;75628;35055;12292;13612;24976;18484;5850;185897
138;138;138;Hagen – Ennepe-Ruhr-Kreis I;5;Nordrhein-Westfalen;42972;43548;10743;8673;18722;17622;6514;148794
139;139;139;Ennepe-Ruhr-Kreis II;5;Nordrhein-Westfalen;37284;40767;11092;11142;17270;13190;5679;136424
140;140;140;Bochum I;5;Nordrhein-Westfalen;39580;46243;15953;13862;17449;15190;7427;155704
141;141;141;Herne – Bochum II;5;Nordrhein-Westfalen;29629;43312;10860;7414;11560;17001;6714;126490
142;142;142;Dortmund I;5;Nordrhein-Westfalen;37967;46424;15506;14702;17193;15197;7934;154923
143;143;143;Dortmund II;5;Nordrhein-Westfalen;34822;46513;12924;10190;15403;15510;7054;142416
144;144;144;Unna I;5;Nordrhein-Westfalen;40697;50205;10313;10254;17196;14689;6226;149580
145;145;145;Hamm – Unna II;5;Nordrhein-Westfalen;51475;53467;11837;8938;17678;19068;7272;169735
146;146;146;Soest;5;Nordrhein-Westfalen;62764;43184;11702;10723;23296;16165;5240;173074
147;147;147;Hochsauerlandkreis;5;Nordrhein-Westfalen;63651;34865;8183;7198;21919;12216;4782;152814
148;148;148;Siegen-Wittgenstein;5;Nordrhein-Westfalen;54648;42551;12624;8857;19125;17154;6000;160959
149;149;149;Olpe – Maerkischer Kreis I;5;Nordrhein-Westfalen;61394;35269;8205;6866;20758;13847;4950;151289
150;150;150;Maerkischer Kreis II;5;Nordrhein-Westfalen;49061;37193;9427;7060;19328;16688;5465;144222
151;151;151;Nordsachsen;14;Sachsen;34321;14519;17173;3021;9189;31301;7039;116563
152;152;152;Leipzig I;14;Sachsen;37622;20674;31137;11300;13565;33291;12341;159930
153;153;153;Leipzig II;14;Sachsen;38111;22725;39058;18154;14866;27774;13096;173784
154;154;154;Leipzig-Land;14;Sachsen;47944;18139;23368;5157;12859;42823;9101;159391
155;155;155;Meissen;14;Sachsen;39406;13148;20111;5531;13156;49615;9946;150913
156;156;156;Bautzen I;14;Sachsen;42995;14378;22597;3768;12122;52041;10941;158842
157;157;157;Goerlitz;14;Sachsen;41000;14249;21534;4476;10810;50551;11100;153720
158;158;158;Saechsische Schweiz-Osterzgebirge;14;Sachsen;39581;12040;19708;4643;12795;54749;10859;154375
159;159;159;Dresden I;14;Sachsen;44104;19246;31004;13936;18610;41812;12406;181118
160;160;160;Dresden II – Bautzen II;14;Sachsen;42792;17977;32040;16588;17684;43126;14957;185164
161;161;161;Mittelsachsen;14;Sachsen;41189;14487;21582;4112;11767;46522;9230;148889
162;162;162;Chemnitz;14;Sachsen;36270;17373;28010;6818;12184;35456;9760;145871
163;163;163;Chemnitzer Umland – Erzgebirgskreis II;14;Sachsen;41947;14524;20972;3850;10542;36746;8602;137183
164;164;164;Erzgebirgskreis I;14;Sachsen;50759;15452;23090;3661;12106;47952;10951;163971
165;165;165;Zwickau;14;Sachsen;45106;16131;24665;4327;11253;38964;8383;148829
166;166;166;Vogtlandkreis;14;Sachsen;42604;16043;22578;4266;10154;37217;7999;140861
167;167;167;Waldeck;6;Hessen;42232;43446;9891;9660;13918;16411;5175;140733
168;168;168;Kassel;6;Hessen;41736;46769;18677;18935;15046;17288;6952;165403
169;169;169;Werra-Meissner – Hersfeld-Rotenburg;6;Hessen;38531;42737;8746;7843;11096;17173;4941;131067
170;170;170;Schwalm-Eder;6;Hessen;41795;44847;9270;9436;13118;18504;6082;143052
171;171;171;Marburg;6;Hessen;42377;37202;14420;13088;12191;16125;5383;140786
172;172;172;Lahn-Dill;6;Hessen;51125;37794;10210;10768;14821;20931;7152;152801
173;173;173;Giessen;6;Hessen;49518;39252;13798;15898;16926;20358;8563;164313
174;174;174;Fulda;6;Hessen;61811;28745;9266;10593;17122;25145;6000;158682
175;175;175;Main-Kinzig – Wetterau II – Schotten;6;Hessen;43147;32069;8938;9614;14144;20927;7187;136026
176;176;176;Hochtaunus;6;Hessen;48436;28947;9562;14074;21713;16132;5745;144609
177;177;177;Wetterau I;6;Hessen;43951;31152;9249;13002;17462;15895;6509;137220
178;178;178;Rheingau-Taunus – Limburg;6;Hessen;59346;35604;11069;15273;22650;20399;7284;171625
179;179;179;Wiesbaden;6;Hessen;40022;29247;13160;16286;18400;15496;5618;138229
180;180;180;Hanau;6;Hessen;39126;31150;10006;11345;15185;18626;6885;132323
181;181;181;Main-Taunus;6;Hessen;54902;28786;9504;16752;26571;16395;5949;158859
182;182;182;Frankfurt am Main I;6;Hessen;37221;29743;17179;19475;19989;13342;6278;143227
183;183;183;Frankfurt am Main II;6;Hessen;45731;33511;20059;26415;24336;13737;6984;170773
184;184;184;Gross-Gerau;6;Hessen;39950;33318;10755;11862;12645;15943;6707;131180
185;185;185;Offenbach;6;Hessen;49302;34519;14261;16421;20372;19050;7369;161294
186;186;186;Darmstadt;6;Hessen;52218;42638;19508;27317;20893;18654;9147;190375
187;187;187;Odenwald;6;Hessen;59635;42516;13433;16084;19948;22258;8355;182229
188;188;188;Bergstrasse;6;Hessen;51088;34435;10197;13595;18196;19923;6660;154094
189;189;189;Eichsfeld – Nordhausen – Kyffhaeuserkreis;16;Thueringen;52667;21652;22613;4778;11974;32854;9391;155929
190;190;190;Eisenach – Wartburgkreis – Unstrut-Hainich-Kreis;16;Thueringen;48340;23206;25171;5596;11545;35824;11204;160886
191;191;191;Jena – Soemmerda – Weimarer Land I;16;Thueringen;42092;19150;28312;9497;13310;30426;10569;153356
192;192;192;Gotha – Ilm-Kreis;16;Thueringen;40576;20391;22920;5411;11218;35091;10271;145878
193;193;193;Erfurt – Weimar – Weimarer Land II;16;Thueringen;42168;23535;32239;12666;14260;30166;11124;166158
194;194;194;Gera – Greiz – Altenburger Land;16;Thueringen;47690;19845;30402;4709;14315;47275;10156;174392
195;195;195;Saalfeld-Rudolstadt – Saale-Holzland-Kreis – Saale-Orla-Kreis;16;Thueringen;47769;20427;28088;5124;13209;43740;11394;169751
196;196;196;Suhl – Schmalkalden-Meiningen – Hildburghausen – Sonneberg;16;Thueringen;50956;22826;28467;5559;11298;38693;10299;168098
197;197;197;Neuwied;7;Rheinland-Pfalz;68357;45447;11338;10738;18071;19273;5836;179060
198;198;198;Ahrweiler;7;Rheinland-Pfalz;60937;34113;8519;10059;17397;14437;4527;149989
199;199;199;Koblenz;7;Rheinland-Pfalz;56616;35679;10332;11862;16152;13701;5287;149629
200;200;200;Mosel/Rhein-Hunsrueck;7;Rheinland-Pfalz;55606;30799;8143;7487;14924;11996;4749;133704
201;201;201;Kreuznach;7;Rheinland-Pfalz;47189;37906;9493;8629;13654;16198;5142;138211
202;202;202;Bitburg;7;Rheinland-Pfalz;55591;27255;7433;7710;12888;10058;4113;125048
203;203;203;Trier;7;Rheinland-Pfalz;55882;36950;12934;13512;13841;11926;4836;149881
204;204;204;Montabaur;7;Rheinland-Pfalz;60594;39906;9576;10058;17703;17826;6096;161759
205;205;205;Mainz;7;Rheinland-Pfalz;65713;44203;17148;26415;22608;16535;8257;200879
206;206;206;Worms;7;Rheinland-Pfalz;54721;42471;10811;13449;17543;21978;6692;167665
207;207;207;Ludwigshafen/Frankenthal;7;Rheinland-Pfalz;49226;39822;10614;11621;16321;24641;7212;159457
208;208;208;Neustadt – Speyer;7;Rheinland-Pfalz;61407;37894;10537;15389;19251;22070;7789;174337
209;209;209;Kaiserslautern;7;Rheinland-Pfalz;49400;47986;13548;11360;15519;23206;8745;169764
210;210;210;Pirmasens;7;Rheinland-Pfalz;47455;32794;9511;6156;11803;18652;6345;132716
211;211;211;Suedpfalz;7;Rheinland-Pfalz;59309;37293;10975;14788;17560;23191;7291;170407
212;212;212;Altoetting;9;Bayern;55417;15511;6659;8608;11209;18330;10176;125910
213;213;213;Erding – Ebersberg;9;Bayern;63525;19943;8352;17768;19407;19366;14241;162602
214;214;214;Freising;9;Bayern;73650;23029;9506;18036;19308;25178;16925;185632
215;215;215;Fuerstenfeldbruck;9;Bayern;75621;25929;9633;20886;22005;21934;13839;189847
216;216;216;Ingolstadt;9;Bayern;76236;24424;9830;13205;17154;27673;14323;182845
217;217;217;Muenchen-Nord;9;Bayern;49953;28903;14302;29334;26241;14982;9813;173528
218;218;218;Muenchen-Ost;9;Bayern;58483;29744;14124;29866;27459;15959;10533;186168
219;219;219;Muenchen-Sued;9;Bayern;50686;27500;14694;29560;22587;14578;10219;169824
220;220;220;Muenchen-West/Mitte;9;Bayern;57322;30617;16638;35605;26356;14895;11188;192621
221;221;221;Muenchen-Land;9;Bayern;73189;27490;9996;24837;30054;18470;12329;196365
222;222;222;Rosenheim;9;Bayern;75178;20967;9449;18571;20311;25697;15284;185457
223;223;223;Bad Toelz-Wolfratshausen – Miesbach;9;Bayern;54786;14457;6486;13605;16343;15391;10749;131817
224;224;224;Starnberg – Landsberg am Lech;9;Bayern;67512;22332;9594;23111;24950;17460;11307;176266
225;225;225;Traunstein;9;Bayern;71196;18916;8508;14680;14614;19191;12464;159569
226;226;226;Weilheim;9;Bayern;57254;15402;7214;12753;13909;16145;10890;133567
227;227;227;Deggendorf;9;Bayern;48182;16915;5892;5528;8968;22765;10504;118754
228;228;228;Landshut;9;Bayern;75521;25095;9270;13856;19361;28061;20536;191700
229;229;229;Passau;9;Bayern;52937;19709;7357;8393;11918;20967;9290;130571
230;230;230;Rottal-Inn;9;Bayern;52752;15765;5510;6478;11215;20401;11384;123505
231;231;231;Straubing;9;Bayern;53712;17512;5590;5846;10308;23576;11665;128209
232;232;232;Amberg;9;Bayern;71720;26080;8948;11997;12854;21550;15056;168205
233;233;233;Regensburg;9;Bayern;74720;28582;13259;20332;17719;25625;17424;197661
234;234;234;Schwandorf;9;Bayern;66827;26122;7339;7302;10608;28006;15077;161281
235;235;235;Weiden;9;Bayern;55691;24631;6204;6426;8479;17411;10500;129342
236;236;236;Bamberg;9;Bayern;56138;22529;9351;14279;13776;18392;9956;144421
237;237;237;Bayreuth;9;Bayern;53063;23198;7022;9994;11369;13566;8317;126529
238;238;238;Coburg;9;Bayern;48410;27553;6895;8155;9967;14208;6991;122179
239;239;239;Hof;9;Bayern;48772;27775;7185;6989;9890;16605;8576;125792
240;240;240;Kulmbach;9;Bayern;58112;23675;6431;7966;10335;17997;9396;133912
241;241;241;Ansbach;9;Bayern;74425;31464;12208;16239;13825;21734;14523;184418
242;242;242;Erlangen;9;Bayern;52414;25578;11115;19862;14973;13953;9477;147372
243;243;243;Fuerth;9;Bayern;69472;37089;15442;20540;17545;23033;14223;197344
244;244;244;Nuernberg-Nord;9;Bayern;40106;26456;16962;21909;15412;14503;9955;145303
245;245;245;Nuernberg-Sued;9;Bayern;40882;27467;11640;12166;11199;18679;8945;130978
246;246;246;Roth;9;Bayern;69743;34040;11635;18033;15990;21317;13796;184554
247;247;247;Aschaffenburg;9;Bayern;55009;25198;8699;13432;15610;16642;8840;143430
248;248;248;Bad Kissingen;9;Bayern;75788;26904;10085;11359;15084;19650;11032;169902
249;249;249;Main-Spessart;9;Bayern;65245;28903;8562;11939;13720;16856;10743;155968
250;250;250;Schweinfurt;9;Bayern;63674;26163;10422;11717;13789;18905;10271;154941
251;251;251;Wuerzburg;9;Bayern;67585;32126;12931;23719;18813;15764;10969;181907
252;252;252;Augsburg-Stadt;9;Bayern;48420;24112;13649;18782;15149;21015;10927;152054
253;253;253;Augsburg-Land;9;Bayern;81831;25240;9737;17447;20565;27045;15981;197846
254;254;254;Donau-Ries;9;Bayern;63638;20289;6687;10102;13440;21585;11084;146825
255;255;255;Neu-Ulm;9;Bayern;72104;24828;9274;14898;18627;27327;13717;180775
256;256;256;Oberallgaeu;9;Bayern;72855;21725;10130;19792;18935;18529;13379;175345
257;257;257;Ostallgaeu;9;Bayern;79932;23044;10387;16214;19898;25384;15310;190169
258;258;258;Stuttgart I;8;Baden-Wuerttemberg;46243;23350;14830;31283;26203;11455;6621;159985
259;259;259;Stuttgart II;8;Baden-Wuerttemberg;40109;23458;12553;21071;19210;14899;6727;138027
260;260;260;Boeblingen;8;Baden-Wuerttemberg;68991;30296;10434;24746;29510;22874;8049;194900
261;261;261;Esslingen;8;Baden-Wuerttemberg;44748;22579;8361;19565;18512;14692;5928;134385
262;262;262;Nuertingen;8;Baden-Wuerttemberg;56105;25190;9132;23673;24922;20544;7043;166609
263;263;263;Goeppingen;8;Baden-Wuerttemberg;45290;23924;6882;16749;17188;19956;5959;135948
264;264;264;Waiblingen;8;Baden-Wuerttemberg;58372;28146;9881;21539;28617;22870;7468;176893
265;265;265;Ludwigsburg;8;Baden-Wuerttemberg;58003;28547;10451;24000;25538;19780;7668;173987
266;266;266;Neckar-Zaber;8;Baden-Wuerttemberg;60898;30472;9719;24282;27145;24212;8109;184837
267;267;267;Heilbronn;8;Baden-Wuerttemberg;58755;32489;10520;19016;23872;30089;8545;183286
268;268;268;Schwaebisch Hall – Hohenlohe;8;Baden-Wuerttemberg;58215;27472;9594;20512;21629;24827;7546;169795
269;269;269;Backnang – Schwaebisch Gmuend;8;Baden-Wuerttemberg;47588;22298;7999;15482;16717;19438;5789;135311
270;270;270;Aalen – Heidenheim;8;Baden-Wuerttemberg;64217;31341;9233;18427;17707;20616;6675;168216
271;271;271;Karlsruhe-Stadt;8;Baden-Wuerttemberg;44776;27044;15452;29408;19251;16741;8239;160911
272;272;272;Karlsruhe-Land;8;Baden-Wuerttemberg;59137;28591;9119;20489;21441;20887;7462;167126
273;273;273;Rastatt;8;Baden-Wuerttemberg;58798;26374;8369;17766;17847;19701;6393;155248
274;274;274;Heidelberg;8;Baden-Wuerttemberg;53138;32806;14812;30491;22556;16850;7179;177832
275;275;275;Mannheim;8;Baden-Wuerttemberg;38746;30309;12989;18803;16050;18309;7517;142723
276;276;276;Odenwald – Tauber;8;Baden-Wuerttemberg;64208;27175;8907;13642;17564;22289;7440;161225
277;277;277;Rhein-Neckar;8;Baden-Wuerttemberg;51797;28486;9738;17687;18933;20942;7071;154654
278;278;278;Bruchsal – Schwetzingen;8;Baden-Wuerttemberg;53147;26560;8674;15500;18180;22794;7835;152690
279;279;279;Pforzheim;8;Baden-Wuerttemberg;54364;27101;8952;17869;22643;27107;8044;166080
280;280;280;Calw;8;Baden-Wuerttemberg;56330;21832;7759;14989;21646;22715;6334;151605
281;281;281;Freiburg;8;Baden-Wuerttemberg;50423;31452;20168;38002;16725;14103;8662;179535
282;282;282;Loerrach – Muellheim;8;Baden-Wuerttemberg;60513;31249;10898;27014;19449;18459;8122;175704
283;283;283;Emmendingen – Lahr;8;Baden-Wuerttemberg;59784;29738;9588;22806;17626;19139;7763;166444
284;284;284;Offenburg;8;Baden-Wuerttemberg;57033;25406;8411;21220;16940;17800;6839;153649
285;285;285;Rottweil – Tuttlingen;8;Baden-Wuerttemberg;57060;21900;7141;15329;20328;20942;7350;150050
286;286;286;Schwarzwald-Baar;8;Baden-Wuerttemberg;46812;19337;6608;15113;15124;15350;5385;123729
287;287;287;Konstanz;8;Baden-Wuerttemberg;52194;24529;11306;25202;20758;16215;7179;157383
288;288;288;Waldshut;8;Baden-Wuerttemberg;53066;22122;7369;18842;14647;13299;5784;135129
289;289;289;Reutlingen;8;Baden-Wuerttemberg;53873;23321;9543;21695;21425;20171;6031;156059
290;290;290;Tuebingen;8;Baden-Wuerttemberg;48828;24865;15096;28521;18718;15887;6495;158410
291;291;291;Ulm;8;Baden-Wuerttemberg;64988;27889;9976;24160;20277;20432;8141;175863
292;292;292;Biberach;8;Baden-Wuerttemberg;56162;16557;5997;14729;14321;16236;6273;130275
293;293;293;Bodensee;8;Baden-Wuerttemberg;50428;19321;8316;20015;17954;14164;5753;135951
294;294;294;Ravensburg;8;Baden-Wuerttemberg;56264;19398;8889;21770;16441;14901;7124;144787
295;295;295;Zollernalb – Sigmaringen;8;Baden-Wuerttemberg;52284;19446;7061;15798;18394;18814;5930;137727
296;296;296;Saarbruecken;10;Saarland;41394;38322;21669;11748;11753;14042;6502;145430
297;297;297;Saarlouis;10;Saarland;52981;42476;20320;8598;12059;15506;5665;157605
298;298;298;St. Wendel;10;Saarland;50660;38368;15686;6662;9569;12627;5126;138698
299;299;299;Homburg;10;Saarland;44538;39729;17773;8109;11096;16745;5535;143525